test-picture_format.png	2
another_test_picture.png	4

2021-11-02_4_36_11-HuntPro.png	0
2021-11-02_4_36_56-HuntPro.png	0
2021-11-02_4_37_49-HuntPro.png	0
2021-11-02_4_38_07-HuntPro.png	0
2021-11-02_4_38_36-HuntPro.png	0
2021-11-02_4_38_57-HuntPro.png	0
2021-11-02_4_39_31-HuntPro.png	0
2021-11-02_4_39_57-HuntPro.png	0
2021-11-02_4_40_40-HuntPro.png	0
2021-11-02_5_32_53-HuntPro.png	0
2021-11-02_5_34_07-HuntPro.png	0
2021-11-02_5_37_10-HuntPro.png	0
2021-11-02_5_49_45-HuntPro.png	0
2021-11-02_5_50_35-HuntPro.png	0
2021-11-02_5_50_50-HuntPro.png	0
2021-11-02_5_51_07-HuntPro.png	0
2021-11-02_5_52_16-HuntPro.png	0
2021-11-02_5_52_24-HuntPro.png	0
2021-11-02_5_53_08-HuntPro.png	0
2021-11-02_5_53_21-HuntPro.png	0
2021-11-02_5_53_34-HuntPro.png	0
2021-11-02_5_53_55-HuntPro.png	0
2021-11-02_5_54_05-HuntPro.png	0
2021-11-02_5_54_21-HuntPro.png	0
2021-11-02_5_54_31-HuntPro.png	0
2021-11-02_5_54_42-HuntPro.png	0
2021-11-02_5_54_55-HuntPro.png	0
2021-11-02_5_55_13-HuntPro.png	0
2021-11-02_5_55_37-HuntPro.png	0
2021-11-02_5_55_50-HuntPro.png	0
2021-11-02_5_57_14-HuntPro.png	0
2021-11-02_5_57_29-HuntPro.png	0
2021-11-02_5_59_44-HuntPro.png	0
2021-11-02_5_59_56-HuntPro.png	0
2021-11-02_6_00_13-HuntPro.png	0
2021-11-02_6_00_23-HuntPro.png	0
2021-11-02_6_05_08-HuntPro.png	0
2021-11-02_6_18_12-HuntPro.png	0
2021-11-02_6_18_26-HuntPro.png	0
2021-11-02_6_18_36-HuntPro.png	0
2021-11-02_6_20_54-HuntPro.png	0
2021-11-02_6_21_06-HuntPro.png	0
2021-11-02_6_21_34-HuntPro.png	0
2021-11-02_6_21_46-HuntPro.png	0
2021-11-02_6_25_31-HuntPro.png	0
2021-11-02_6_27_09-HuntPro.png	0
2021-11-02_6_30_00-HuntPro.png	0
2021-11-02_6_30_51-HuntPro.png	0
2021-11-02_6_31_06-HuntPro.png	0
2021-11-02_6_36_46-HuntPro.png	0
2021-11-02_6_37_44-HuntPro.png	0
2021-11-02_6_37_58-HuntPro.png	0
2021-11-02_6_38_20-HuntPro.png	0
2021-11-02_6_40_44-HuntPro.png	0
2021-11-02_6_40_59-HuntPro.png	0
2021-11-02_6_41_52-HuntPro.png	0
2021-11-02_6_43_46-HuntPro.png	0
2021-11-02_6_47_15-HuntPro.png	0
2021-11-02_6_48_43-HuntPro.png	0
2021-11-02_6_48_59-HuntPro.png	0
2021-11-02_6_49_11-HuntPro.png	0
2021-11-02_6_50_14-HuntPro.png	0
2021-11-03_4_22_54-HuntPro.png	0
2021-11-03_4_23_16-HuntPro.png	0
2021-11-03_4_23_35-HuntPro.png	0
2021-11-03_4_23_51-HuntPro.png	0
2021-11-03_4_24_10-HuntPro.png	0
2021-11-03_4_24_36-HuntPro.png	0
2021-11-03_4_25_09-HuntPro.png	0
2021-11-03_4_25_41-HuntPro.png	0
2021-11-03_4_26_16-HuntPro.png	0
2021-11-03_4_27_48-HuntPro.png	0
2021-11-03_4_29_15-HuntPro.png	0
2021-11-03_4_29_54-HuntPro.png	0
2021-11-03_4_34_16-HuntPro.png	0
2021-11-03_4_40_03-HuntPro.png	0
2021-11-03_4_41_04-HuntPro.png	0
2021-11-03_4_42_20-HuntPro.png	0
2021-11-03_4_42_50-HuntPro.png	0
2021-11-03_4_52_43-HuntPro.png	0
2021-11-03_4_53_07-HuntPro.png	0
2021-11-03_4_53_35-HuntPro.png	0
2021-11-03_4_57_11-HuntPro.png	0
2021-11-03_4_57_35-HuntPro.png	0
2021-11-03_4_58_14-HuntPro.png	0
2021-11-03_4_58_56-HuntPro.png	0
2021-11-03_5_00_12-HuntPro.png	0
2021-11-03_5_26_18-HuntPro.png	0
2021-11-03_5_26_37-HuntPro.png	0
2021-11-03_5_26_54-HuntPro.png	0
2021-11-03_5_27_12-HuntPro.png	0
2021-11-03_5_27_55-HuntPro.png	0
2021-11-03_5_28_07-HuntPro.png	0
2021-11-03_5_28_23-HuntPro.png	0
2021-11-03_5_39_54-HuntPro.png	0
2021-11-03_5_40_17-HuntPro.png	0
2021-11-03_5_40_41-HuntPro.png	0
2021-11-03_5_42_00-HuntPro.png	0
2021-11-03_5_42_44-HuntPro.png	0
2021-11-03_5_43_19-HuntPro.png	0
2021-11-03_5_43_54-HuntPro.png	0
2021-11-03_5_44_52-HuntPro.png	0
2021-11-03_5_45_16-HuntPro.png	0
2021-11-03_5_45_33-HuntPro.png	0
2021-11-03_5_48_20-HuntPro.png	0
2021-11-03_5_48_50-HuntPro.png	0
2021-11-03_5_49_36-HuntPro.png	0
2021-11-03_5_53_44-HuntPro.png	0
2021-11-03_5_54_28-HuntPro.png	0
2021-11-03_5_54_53-HuntPro.png	0
2021-11-03_5_59_38-HuntPro.png	0
2021-11-03_6_02_53-HuntPro.png	0
2021-11-03_6_16_35-HuntPro.png	0
2021-11-03_6_18_12-HuntPro.png	0
2021-11-03_6_18_54-HuntPro.png	0
2021-11-03_6_19_59-HuntPro.png	0
2021-11-03_6_20_40-HuntPro.png	0
2021-11-03_6_25_42-HuntPro.png	0
2021-11-03_6_26_06-HuntPro.png	0
2021-11-03_6_27_56-HuntPro.png	0
2021-11-03_6_28_27-HuntPro.png	0
2021-11-03_6_29_12-HuntPro.png	0
2021-11-03_6_30_17-HuntPro.png	0
2021-11-03_6_31_51-HuntPro.png	0
2021-11-04_6_14_42-HuntPro.png	0
2021-11-04_6_15_51-HuntPro.png	0
2021-11-04_6_16_07-HuntPro.png	0
2021-11-04_6_16_44-HuntPro.png	0
2021-11-04_6_17_04-HuntPro.png	0
2021-11-04_6_17_26-HuntPro.png	0
2021-11-04_6_17_39-HuntPro.png	0
2021-11-04_6_27_50-HuntPro.png	0
2021-11-08_9_34_45-HuntPro.png	0
2021-11-08_9_35_03-HuntPro.png	0
2021-11-08_9_37_44-HuntPro.png	0
2021-11-08_9_39_58-HuntPro.png	0
2021-11-08_0_17_28-HuntPro.png	0
2021-11-08_0_20_16-HuntPro.png	0
2021-11-08_0_20_54-HuntPro.png	0
2021-11-08_0_24_07-HuntPro.png	0
2021-11-08_0_25_10-HuntPro.png	0
2021-11-08_4_04_28-HuntPro.png	0
2021-11-08_4_06_13-HuntPro.png	0
2021-11-08_4_08_11-HuntPro.png	0
2021-11-08_4_08_34-HuntPro.png	0
2021-11-08_4_09_11-HuntPro.png	0
2021-11-08_4_09_46-HuntPro.png	0
2021-11-08_4_11_56-HuntPro.png	0
2021-11-08_4_21_29-HuntPro.png	0
2021-11-08_4_22_23-HuntPro.png	0
2021-11-08_4_27_02-HuntPro.png	0
2021-11-08_5_03_27-HuntPro.png	0
2021-11-08_5_04_50-HuntPro.png	0
2021-11-08_5_05_31-HuntPro.png	0
2021-11-08_5_06_22-HuntPro.png	0
2021-11-08_5_09_04-HuntPro.png	0
2021-11-08_5_09_27-HuntPro.png	0
2021-11-08_5_10_33-HuntPro.png	0
2021-11-08_5_10_55-HuntPro.png	0
2021-11-08_5_11_18-HuntPro.png	0
2021-11-08_5_14_51-HuntPro.png	0
2021-11-08_5_16_32-HuntPro.png	0
2021-11-08_5_17_54-HuntPro.png	0
2021-11-08_5_53_25-HuntPro.png	0
2021-11-08_5_56_22-HuntPro.png	0
2021-11-08_5_56_37-HuntPro.png	0
2021-11-08_5_56_53-HuntPro.png	0
2021-11-08_5_57_08-HuntPro.png	0
2021-11-08_6_00_35-HuntPro.png	0
2021-11-08_6_01_00-HuntPro.png	0
2021-11-08_6_01_25-HuntPro.png	0
2021-11-08_6_01_56-HuntPro.png	0
2021-11-08_6_03_17-HuntPro.png	0
2021-11-08_6_03_32-HuntPro.png	0
2021-11-08_6_03_48-HuntPro.png	0
2021-11-08_6_04_12-HuntPro.png	0
2021-11-08_6_07_41-HuntPro.png	0
2021-11-08_6_08_00-HuntPro.png	0
2021-11-08_6_08_25-HuntPro.png	0
2021-11-08_6_10_35-HuntPro.png	0
2021-11-08_6_11_21-HuntPro.png	0
2021-11-08_6_11_41-HuntPro.png	0
2021-11-08_6_12_26-HuntPro.png	0
2021-11-08_6_12_47-HuntPro.png	0
2021-11-08_6_13_53-HuntPro.png	0
2021-11-08_6_15_16-HuntPro.png	0
2021-11-08_6_15_36-HuntPro.png	0
2021-11-08_6_16_00-HuntPro.png	0
2021-11-08_6_16_15-HuntPro.png	0
2021-11-08_6_16_38-HuntPro.png	0
2021-11-08_6_20_37-HuntPro.png	0
2021-11-08_6_21_03-HuntPro.png	0
2021-11-08_6_21_33-HuntPro.png	0
2021-11-08_6_21_47-HuntPro.png	0
2021-11-08_6_22_12-HuntPro.png	0
2021-11-08_6_24_17-HuntPro.png	0
2021-11-08_6_24_29-HuntPro.png	0
2021-11-08_6_24_58-HuntPro.png	0
2021-11-08_6_25_09-HuntPro.png	0
2021-11-08_6_25_26-HuntPro.png	0
2021-11-08_6_25_57-HuntPro.png	0
2021-11-08_6_26_28-HuntPro.png	0
2021-11-08_6_26_46-HuntPro.png	0
2021-11-08_6_27_10-HuntPro.png	0
2021-11-08_6_29_27-HuntPro.png	0
2021-11-08_6_29_47-HuntPro.png	0
2021-11-08_6_30_03-HuntPro.png	0
2021-11-08_6_30_45-HuntPro.png	0
2021-11-08_6_31_30-HuntPro.png	0
2021-11-08_6_31_47-HuntPro.png	0
2021-11-08_6_33_16-HuntPro.png	0
2021-11-08_6_33_35-HuntPro.png	0
2021-11-08_6_37_17-HuntPro.png	0
2021-11-08_6_37_55-HuntPro.png	0
2021-11-08_6_38_16-HuntPro.png	0
2021-11-08_6_39_40-HuntPro.png	0
2021-11-08_6_41_51-HuntPro.png	0
2021-11-08_6_43_11-HuntPro.png	0
2021-11-08_6_44_52-HuntPro.png	0
2021-11-08_6_45_27-HuntPro.png	0
2021-11-08_6_45_49-HuntPro.png	0
2021-11-15_3_17_46-HuntPro.png	0
2021-11-15_3_18_33-HuntPro.png	0
2021-11-15_3_19_01-HuntPro.png	0
2021-11-15_3_26_21-HuntPro.png	0
2021-11-15_3_26_37-HuntPro.png	0
2021-11-15_4_01_11-HuntPro.png	0
2021-11-15_4_01_44-HuntPro.png	0
2021-11-15_4_01_54-HuntPro.png	0
2021-11-15_4_02_33-HuntPro.png	0
2021-11-15_4_04_19-HuntPro.png	0
2021-11-15_4_04_31-HuntPro.png	0
2021-11-15_5_17_44-HuntPro.png	0
2021-11-15_5_18_00-HuntPro.png	0
2021-11-15_5_18_45-HuntPro.png	0
2021-11-15_5_19_54-HuntPro.png	0
2021-11-15_5_20_12-HuntPro.png	0
2021-11-15_5_20_29-HuntPro.png	0
2021-11-15_5_20_39-HuntPro.png	0
2021-11-15_5_21_02-HuntPro.png	0
2021-11-15_5_24_15-HuntPro.png	0
2021-11-15_5_24_40-HuntPro.png	0
2021-11-15_5_25_09-HuntPro.png	0
2021-11-15_5_25_34-HuntPro.png	0
2021-11-15_5_26_02-HuntPro.png	0
2021-11-15_5_27_12-HuntPro.png	0
2021-11-15_5_27_34-HuntPro.png	0
2021-11-15_5_27_57-HuntPro.png	0
2021-11-15_5_28_19-HuntPro.png	0
2021-11-15_5_28_31-HuntPro.png	0
2021-11-15_5_28_45-HuntPro.png	0
2021-11-15_5_29_01-HuntPro.png	0
2021-11-15_5_29_15-HuntPro.png	0
2021-11-15_5_29_31-HuntPro.png	0
2021-11-15_5_29_58-HuntPro.png	0
2021-11-15_5_30_11-HuntPro.png	0
2021-11-15_5_30_50-HuntPro.png	0
2021-11-15_5_31_04-HuntPro.png	0
2021-11-15_5_31_20-HuntPro.png	0
2021-11-15_5_31_40-HuntPro.png	0
2021-11-15_5_32_11-HuntPro.png	0
2021-11-15_5_32_42-HuntPro.png	0
2021-11-15_5_34_24-HuntPro.png	0
2021-11-15_5_34_47-HuntPro.png	0
2021-11-15_5_35_09-HuntPro.png	0
2021-11-15_5_35_29-HuntPro.png	0
2021-11-15_5_35_50-HuntPro.png	0
2021-11-15_5_36_03-HuntPro.png	0
2021-11-15_5_36_26-HuntPro.png	0
2021-11-15_5_36_53-HuntPro.png	0
2021-11-15_5_37_28-HuntPro.png	0
2021-11-15_5_37_44-HuntPro.png	0
2021-11-15_5_38_32-HuntPro.png	0
2021-11-15_5_38_46-HuntPro.png	0
2021-11-15_5_38_57-HuntPro.png	0
2021-11-15_5_42_46-HuntPro.png	0
2021-11-15_5_43_01-HuntPro.png	0
2021-11-15_5_46_14-HuntPro.png	0
2021-11-15_5_47_28-HuntPro.png	0
2021-11-15_5_48_01-HuntPro.png	0