2021-11-03_6_30_17-HuntPro.png	deer0
2021-11-03_6_31_51-HuntPro.png	deer0
2021-11-04_6_14_42-HuntPro.png	deer0
2021-11-04_6_15_51-HuntPro.png	deer0
2021-11-04_6_16_07-HuntPro.png	deer0
2021-11-04_6_16_44-HuntPro.png	deer0
2021-11-04_6_17_04-HuntPro.png	deer0
2021-11-04_6_17_26-HuntPro.png	deer0
2021-11-04_6_17_39-HuntPro.png	deer0
2021-11-08_0_20_54-HuntPro.png	deer0
2021-11-08_0_24_07-HuntPro.png	deer0
2021-11-08_0_25_10-HuntPro.png	deer0
2021-11-08_4_04_28-HuntPro.png	deer0
2021-11-08_4_08_11-HuntPro.png	deer0
2021-11-08_4_08_34-HuntPro.png	deer0
2021-11-08_4_09_11-HuntPro.png	deer0
2021-11-08_4_09_46-HuntPro.png	deer0
2021-11-08_4_11_56-HuntPro.png	deer0
2021-11-08_4_21_29-HuntPro.png	deer0
2021-11-08_4_22_23-HuntPro.png	deer0
2021-11-08_4_27_02-HuntPro.png	deer0
2021-11-08_5_03_27-HuntPro.png	deer0
2021-11-04_6_27_50-HuntPro.png	deer0
2021-11-08_9_34_45-HuntPro.png	deer0
2021-11-08_9_35_03-HuntPro.png	deer0
2021-11-08_9_37_44-HuntPro.png	deer0
2021-11-08_9_39_58-HuntPro.png	deer0
2021-11-08_0_17_28-HuntPro.png	deer0
2021-11-08_0_20_16-HuntPro.png	deer0
2021-11-08_5_04_50-HuntPro.png	deer0
2021-11-08_5_05_31-HuntPro.png	deer0
2021-11-08_5_06_22-HuntPro.png	deer0
2021-11-08_5_09_04-HuntPro.png	deer0
2021-11-08_5_09_27-HuntPro.png	deer0
2021-11-08_5_10_33-HuntPro.png	deer0
2021-11-08_5_10_55-HuntPro.png	deer0
2021-11-08_5_11_18-HuntPro.png	deer0
2021-11-08_5_14_51-HuntPro.png	deer0
2021-11-08_5_16_32-HuntPro.png	deer0
2021-11-08_5_17_54-HuntPro.png	deer0
2021-11-08_5_53_25-HuntPro.png	deer0
2021-11-08_5_56_22-HuntPro.png	deer0
2021-11-08_5_56_37-HuntPro.png	deer0
2021-11-08_5_56_53-HuntPro.png	deer0
2021-11-08_5_57_08-HuntPro.png	deer0
2021-11-08_6_00_35-HuntPro.png	deer0
2021-11-08_6_01_00-HuntPro.png	deer0
2021-11-08_6_01_25-HuntPro.png	deer0
2021-11-08_6_01_56-HuntPro.png	deer0
2021-11-03_4_29_15-HuntPro.png	deer0
2021-11-03_4_29_54-HuntPro.png	deer0
2021-11-03_4_34_16-HuntPro.png	deer0
2021-11-03_4_40_03-HuntPro.png	deer0
2021-11-03_4_41_04-HuntPro.png	deer0
2021-11-03_4_42_20-HuntPro.png	deer0
2021-11-03_4_42_50-HuntPro.png	deer0
2021-11-03_4_52_43-HuntPro.png	deer0
2021-11-03_4_53_07-HuntPro.png	deer0
2021-11-03_4_53_35-HuntPro.png	deer0
2021-11-03_4_57_11-HuntPro.png	deer0
2021-11-03_4_57_35-HuntPro.png	deer0
2021-11-03_4_58_14-HuntPro.png	deer0
2021-11-03_4_58_56-HuntPro.png	deer0
2021-11-03_5_00_12-HuntPro.png	deer0
2021-11-03_5_26_18-HuntPro.png	deer0
2021-11-03_5_26_37-HuntPro.png	deer0
2021-11-03_5_26_54-HuntPro.png	deer0
2021-11-03_5_27_12-HuntPro.png	deer0
2021-11-03_5_27_55-HuntPro.png	deer0
2021-11-03_5_28_07-HuntPro.png	deer0
2021-11-03_5_28_23-HuntPro.png	deer0
2021-11-03_5_39_54-HuntPro.png	deer0
2021-11-03_5_40_17-HuntPro.png	deer0
2021-11-03_5_40_41-HuntPro.png	deer0
2021-11-03_5_42_00-HuntPro.png	deer0
2021-11-03_5_42_44-HuntPro.png	deer0
2021-11-03_5_43_19-HuntPro.png	deer0
2021-11-03_5_43_54-HuntPro.png	deer0
2021-11-03_5_44_52-HuntPro.png	deer0
2021-11-03_5_45_16-HuntPro.png	deer0
2021-11-03_5_45_33-HuntPro.png	deer0
2021-11-03_5_48_20-HuntPro.png	deer0
2021-11-03_5_48_50-HuntPro.png	deer0
2021-11-03_5_49_36-HuntPro.png	deer0
2021-11-03_5_53_44-HuntPro.png	deer0
2021-11-03_5_54_28-HuntPro.png	deer0
2021-11-03_5_54_53-HuntPro.png	deer0
2021-11-03_5_59_38-HuntPro.png	deer0
2021-11-03_6_02_53-HuntPro.png	deer0
2021-11-03_6_16_35-HuntPro.png	deer0
2021-11-03_6_18_12-HuntPro.png	deer0
2021-11-03_6_18_54-HuntPro.png	deer0
2021-11-03_6_19_59-HuntPro.png	deer0
2021-11-03_6_20_40-HuntPro.png	deer0
2021-11-03_6_25_42-HuntPro.png	deer0
2021-11-03_6_26_06-HuntPro.png	deer0
2021-11-03_6_27_56-HuntPro.png	deer0
2021-11-03_6_28_27-HuntPro.png	deer0
2021-11-03_6_29_12-HuntPro.png	deer0
2021-11-02_4_36_11-HuntPro.png	deer0
2021-11-02_4_36_56-HuntPro.png	deer0
2021-11-02_4_37_49-HuntPro.png	deer0
2021-11-02_4_38_07-HuntPro.png	deer0
2021-11-02_4_38_36-HuntPro.png	deer0
2021-11-02_4_38_57-HuntPro.png	deer0
2021-11-02_4_39_31-HuntPro.png	deer0
2021-11-02_4_39_57-HuntPro.png	deer0
2021-11-02_4_40_40-HuntPro.png	deer0
2021-11-02_5_32_53-HuntPro.png	deer0
2021-11-02_5_34_07-HuntPro.png	deer0
2021-11-02_5_37_10-HuntPro.png	deer0
2021-11-02_5_49_45-HuntPro.png	deer0
2021-11-02_5_50_35-HuntPro.png	deer0
2021-11-02_5_50_50-HuntPro.png	deer0
2021-11-02_5_51_07-HuntPro.png	deer0
2021-11-02_5_52_16-HuntPro.png	deer0
2021-11-02_5_52_24-HuntPro.png	deer0
2021-11-02_5_53_08-HuntPro.png	deer0
2021-11-02_5_53_21-HuntPro.png	deer0
2021-11-02_5_53_34-HuntPro.png	deer0
2021-11-02_5_53_55-HuntPro.png	deer0
2021-11-02_5_54_05-HuntPro.png	deer0
2021-11-02_5_54_21-HuntPro.png	deer0
2021-11-02_5_54_31-HuntPro.png	deer0
2021-11-02_5_54_42-HuntPro.png	deer0
2021-11-02_5_54_55-HuntPro.png	deer0
2021-11-02_5_55_13-HuntPro.png	deer0
2021-11-02_5_55_37-HuntPro.png	deer0
2021-11-02_5_55_50-HuntPro.png	deer0
2021-11-02_5_57_14-HuntPro.png	deer0
2021-11-02_5_57_29-HuntPro.png	deer0
2021-11-02_5_59_44-HuntPro.png	deer0
2021-11-02_5_59_56-HuntPro.png	deer0
2021-11-02_6_00_13-HuntPro.png	deer0
2021-11-02_6_00_23-HuntPro.png	deer0
2021-11-02_6_05_08-HuntPro.png	deer0
2021-11-02_6_18_12-HuntPro.png	deer0
2021-11-02_6_18_26-HuntPro.png	deer0
2021-11-02_6_18_36-HuntPro.png	deer0
2021-11-02_6_20_54-HuntPro.png	deer0
2021-11-02_6_21_06-HuntPro.png	deer0
2021-11-02_6_21_34-HuntPro.png	deer0
2021-11-02_6_21_46-HuntPro.png	deer0
2021-11-02_6_25_31-HuntPro.png	deer0
2021-11-02_6_27_09-HuntPro.png	deer0
2021-11-02_6_30_00-HuntPro.png	deer0
2021-11-02_6_30_51-HuntPro.png	deer0
2021-11-02_6_31_06-HuntPro.png	deer0
2021-11-02_6_36_46-HuntPro.png	deer0
2021-11-02_6_37_44-HuntPro.png	deer0
2021-11-02_6_37_58-HuntPro.png	deer0
2021-11-02_6_38_20-HuntPro.png	deer0
2021-11-02_6_40_44-HuntPro.png	deer0
2021-11-02_6_40_59-HuntPro.png	deer0
2021-11-02_6_41_52-HuntPro.png	deer0
2021-11-02_6_43_46-HuntPro.png	deer0
2021-11-02_6_47_15-HuntPro.png	deer0
2021-11-02_6_48_43-HuntPro.png	deer0
2021-11-02_6_48_59-HuntPro.png	deer0
2021-11-02_6_49_11-HuntPro.png	deer0
2021-11-02_6_50_14-HuntPro.png	deer0
2021-11-03_4_22_54-HuntPro.png	deer0
2021-11-03_4_23_16-HuntPro.png	deer0
2021-11-03_4_23_35-HuntPro.png	deer0
2021-11-03_4_23_51-HuntPro.png	deer0
2021-11-03_4_24_10-HuntPro.png	deer0
2021-11-03_4_24_36-HuntPro.png	deer0
2021-11-03_4_25_09-HuntPro.png	deer0
2021-11-03_4_25_41-HuntPro.png	deer0
2021-11-03_4_26_16-HuntPro.png	deer0
2021-11-03_4_27_48-HuntPro.png	deer0
2021-11-08_6_03_17-HuntPro.png	deer0
2021-11-08_6_03_32-HuntPro.png	deer0
2021-11-08_6_03_48-HuntPro.png	deer0
2021-11-08_6_04_12-HuntPro.png	deer0
2021-11-08_6_07_41-HuntPro.png	deer0
2021-11-08_6_08_00-HuntPro.png	deer0
2021-11-08_6_08_25-HuntPro.png	deer0
2021-11-08_6_10_35-HuntPro.png	deer0
2021-11-08_6_11_21-HuntPro.png	deer0
2021-11-08_6_11_41-HuntPro.png	deer0
2021-11-08_6_12_26-HuntPro.png	deer0
2021-11-08_6_12_47-HuntPro.png	deer0
2021-11-08_6_13_53-HuntPro.png	deer0
2021-11-08_6_15_16-HuntPro.png	deer0
2021-11-08_6_15_36-HuntPro.png	deer0
2021-11-08_6_16_00-HuntPro.png	deer0
2021-11-08_6_16_15-HuntPro.png	deer0
2021-11-08_6_16_38-HuntPro.png	deer0
2021-11-08_6_20_37-HuntPro.png	deer0
2021-11-08_6_21_03-HuntPro.png	deer0
2021-11-08_6_21_33-HuntPro.png	deer0
2021-11-08_6_21_47-HuntPro.png	deer0
2021-11-08_6_22_12-HuntPro.png	deer0
2021-11-08_6_24_17-HuntPro.png	deer0
2021-11-08_6_24_29-HuntPro.png	deer0
2021-11-08_6_24_58-HuntPro.png	deer0
2021-11-08_6_25_09-HuntPro.png	deer0
2021-11-08_6_25_26-HuntPro.png	deer0
2021-11-08_6_25_57-HuntPro.png	deer0
2021-11-08_6_26_28-HuntPro.png	deer0
2021-11-08_6_26_46-HuntPro.png	deer0
2021-11-08_6_27_10-HuntPro.png	deer0
2021-11-08_6_29_27-HuntPro.png	deer0
2021-11-08_6_29_47-HuntPro.png	deer0
2021-11-08_6_30_03-HuntPro.png	deer0
2021-11-08_6_30_45-HuntPro.png	deer0
2021-11-08_6_31_47-HuntPro.png	deer0
2021-11-08_6_31_30-HuntPro.png	deer0
2021-11-08_6_33_16-HuntPro.png	deer0
2021-11-08_6_33_35-HuntPro.png	deer0
2021-11-08_6_37_17-HuntPro.png	deer0
2021-11-08_6_37_55-HuntPro.png	deer0
2021-11-08_6_38_16-HuntPro.png	deer0
2021-11-08_6_39_40-HuntPro.png	deer0
2021-11-08_6_41_51-HuntPro.png	deer0
2021-11-08_6_43_11-HuntPro.png	deer0
2021-11-08_6_44_52-HuntPro.png	deer0
2021-11-08_6_45_27-HuntPro.png	deer0
2021-11-08_6_45_49-HuntPro.png	deer0
2021-11-15_3_17_46-HuntPro.png	deer0
2021-11-15_3_18_33-HuntPro.png	deer0
2021-11-15_3_19_01-HuntPro.png	deer0
2021-11-15_3_26_21-HuntPro.png	deer0
2021-11-15_3_26_37-HuntPro.png	deer0
2021-11-15_4_01_11-HuntPro.png	deer0
2021-11-15_4_01_44-HuntPro.png	deer0
2021-11-15_4_01_54-HuntPro.png	deer0
2021-11-15_4_02_33-HuntPro.png	deer0
2021-11-15_4_04_19-HuntPro.png	deer0
2021-11-15_4_04_31-HuntPro.png	deer0
2021-11-15_5_17_44-HuntPro.png	deer0
2021-11-15_5_18_00-HuntPro.png	deer0
2021-11-15_5_18_45-HuntPro.png	deer0
2021-11-15_5_19_54-HuntPro.png	deer0
2021-11-15_5_20_12-HuntPro.png	deer0
2021-11-15_5_20_29-HuntPro.png	deer0
2021-11-15_5_20_39-HuntPro.png	deer0
2021-11-15_5_21_02-HuntPro.png	deer0
2021-11-15_5_24_15-HuntPro.png	deer0
2021-11-15_5_24_40-HuntPro.png	deer0
2021-11-15_5_25_09-HuntPro.png	deer0
2021-11-15_5_25_34-HuntPro.png	deer0
2021-11-15_5_26_02-HuntPro.png	deer0
2021-11-15_5_27_12-HuntPro.png	deer0
2021-11-15_5_27_34-HuntPro.png	deer0
2021-11-15_5_27_57-HuntPro.png	deer0
2021-11-15_5_28_19-HuntPro.png	deer0
2021-11-15_5_28_31-HuntPro.png	deer0
2021-11-15_5_28_45-HuntPro.png	deer0
2021-11-15_5_29_01-HuntPro.png	deer0
2021-11-15_5_29_15-HuntPro.png	deer0
2021-11-15_5_29_31-HuntPro.png	deer0
2021-11-15_5_29_58-HuntPro.png	deer0
2021-11-15_5_30_11-HuntPro.png	deer0
2021-11-15_5_30_50-HuntPro.png	deer0
2021-11-15_5_31_04-HuntPro.png	deer0
2021-11-15_5_31_20-HuntPro.png	deer0
2021-11-15_5_31_40-HuntPro.png	deer0
2021-11-15_5_32_11-HuntPro.png	deer0
2021-11-15_5_32_42-HuntPro.png	deer0
2021-11-15_5_34_24-HuntPro.png	deer0
2021-11-15_5_34_47-HuntPro.png	deer0
2021-11-15_5_35_09-HuntPro.png	deer0
2021-11-15_5_35_29-HuntPro.png	deer0
2021-11-15_5_35_50-HuntPro.png	deer0
2021-11-15_5_36_03-HuntPro.png	deer0
2021-11-15_5_36_26-HuntPro.png	deer0
2021-11-15_5_36_53-HuntPro.png	deer0
2021-11-15_5_37_28-HuntPro.png	deer0
2021-11-15_5_37_44-HuntPro.png	deer0
2021-11-15_5_38_32-HuntPro.png	deer0
2021-11-15_5_38_46-HuntPro.png	deer0
2021-11-15_5_38_57-HuntPro.png	deer0
2021-11-15_5_42_46-HuntPro.png	deer0
2021-11-15_5_43_01-HuntPro.png	deer0
2021-11-15_5_46_14-HuntPro.png	deer0
2021-11-15_5_47_28-HuntPro.png	deer0
2021-11-15_5_48_01-HuntPro.png	deer0
2021-10-21_5_34_34-HuntPro.png	deer1
2021-10-25_8_55_38-HuntPro.png	deer1
2021-10-25_8_56_48-HuntPro.png	deer1
2021-10-25_8_58_17-HuntPro.png	deer1
2021-10-25_9_04_32-HuntPro.png	deer1
2021-10-25_9_07_05-HuntPro.png	deer1
2021-10-25_9_59_26-HuntPro.png	deer1
2021-10-25_0_06_07-HuntPro.png	deer1
2021-10-25_6_33_47-HuntPro.png	deer1
2021-10-25_6_34_02-HuntPro.png	deer1
2021-10-25_6_38_32-HuntPro.png	deer1
2021-10-25_6_40_44-HuntPro.png	deer1
2021-10-26_8_44_23-HuntPro.png	deer1
2021-10-26_8_44_57-HuntPro.png	deer1
2021-10-26_8_49_34-HuntPro.png	deer1
2021-10-26_8_52_01-HuntPro.png	deer1
2021-10-26_8_53_21-HuntPro.png	deer1
2021-10-26_8_53_58-HuntPro.png	deer1
2021-10-26_9_41_57-HuntPro.png	deer1
2021-10-26_9_42_31-HuntPro.png	deer1
2021-10-26_9_55_50-HuntPro.png	deer1
2021-10-26_0_02_08-HuntPro.png	deer1
2021-10-26_0_07_56-HuntPro.png	deer1
2021-10-26_0_08_23-HuntPro.png	deer1
2021-10-26_0_08_50-HuntPro.png	deer1
2021-10-26_0_12_43-HuntPro.png	deer1
2021-10-26_0_13_17-HuntPro.png	deer1
2021-10-26_0_13_35-HuntPro.png	deer1
2021-10-26_0_15_04-HuntPro.png	deer1
2021-10-26_0_17_37-HuntPro.png	deer1
2021-10-26_0_25_48-HuntPro.png	deer1
2021-10-26_1_07_00-HuntPro.png	deer1
2021-10-26_1_07_30-HuntPro.png	deer1
2021-10-26_1_07_52-HuntPro.png	deer1
2021-10-26_1_16_05-HuntPro.png	deer1
2021-10-26_4_09_02-HuntPro.png	deer1
2021-10-26_4_09_56-HuntPro.png	deer1
2021-10-26_4_13_07-HuntPro.png	deer1
2021-10-26_5_20_42-HuntPro.png	deer1
2021-10-27_9_26_04-HuntPro.png	deer1
2021-10-27_9_29_26-HuntPro.png	deer1
2021-10-27_9_30_15-HuntPro.png	deer1
2021-10-27_9_31_49-HuntPro.png	deer1
2021-10-27_9_32_48-HuntPro.png	deer1
2021-10-27_9_39_23-HuntPro.png	deer1
2021-10-27_9_44_40-HuntPro.png	deer1
2021-10-27_4_35_47-HuntPro.png	deer1
2021-10-27_4_39_14-HuntPro.png	deer1
2021-10-27_4_39_25-HuntPro.png	deer1
2021-10-27_4_40_23-HuntPro.png	deer1
2021-10-27_4_44_00-HuntPro.png	deer1
2021-10-27_4_44_25-HuntPro.png	deer1
2021-10-27_4_45_22-HuntPro.png	deer1
2021-10-27_4_46_37-HuntPro.png	deer1
2021-10-27_4_52_26-HuntPro.png	deer1
2021-10-27_6_31_47-HuntPro.png	deer1
2021-10-27_6_40_57-HuntPro.png	deer1
2021-10-27_6_47_58-HuntPro.png	deer1
2021-10-27_6_48_21-HuntPro.png	deer1
2021-10-27_6_48_45-HuntPro.png	deer1
2021-10-27_6_49_04-HuntPro.png	deer1
2021-10-27_6_51_49-HuntPro.png	deer1
2021-10-28_9_13_22-HuntPro.png	deer1
2021-10-28_9_35_05-HuntPro.png	deer1
2021-10-28_0_14_25-HuntPro.png	deer1
2021-10-28_0_18_52-HuntPro.png	deer1
2021-10-28_0_20_30-HuntPro.png	deer1
2021-10-28_0_21_57-HuntPro.png	deer1
2021-10-28_0_25_43-HuntPro.png	deer1
2021-10-28_0_26_53-HuntPro.png	deer1
2021-10-28_0_28_27-HuntPro.png	deer1
2021-10-28_0_33_17-HuntPro.png	deer1
2021-10-28_0_33_39-HuntPro.png	deer1
2021-10-28_3_29_29-HuntPro.png	deer1
2021-10-28_4_41_06-HuntPro.png	deer1
2021-10-28_4_44_46-HuntPro.png	deer1
2021-10-28_4_45_50-HuntPro.png	deer1
2021-10-28_4_46_20-HuntPro.png	deer1
2021-11-01_4_07_28-HuntPro.png	deer1
2021-10-28_5_10_37-HuntPro.png	deer1
2021-11-01_4_24_43-HuntPro.png	deer1
2021-11-01_4_25_14-HuntPro.png	deer1
2021-11-01_5_11_47-HuntPro.png	deer1
2021-11-01_5_32_58-HuntPro.png	deer1
2021-11-01_5_34_27-HuntPro.png	deer1
2021-11-01_5_35_10-HuntPro.png	deer1
2021-11-01_5_38_04-HuntPro.png	deer1
2021-11-01_5_38_37-HuntPro.png	deer1
2021-11-02_9_15_52-HuntPro.png	deer1
2021-11-02_9_23_38-HuntPro.png	deer1
2021-11-02_9_23_51-HuntPro.png	deer1
2021-11-02_0_44_06-HuntPro.png	deer1
2021-11-09_8_43_31-HuntPro.png	deer1
2021-11-09_8_46_44-HuntPro.png	deer1
2021-11-09_8_47_21-HuntPro.png	deer1
2021-11-09_9_38_38-HuntPro.png	deer1
2021-11-09_9_45_12-HuntPro.png	deer1
2021-11-09_9_45_53-HuntPro.png	deer1
2021-11-09_1_18_23-HuntPro.png	deer1
2021-11-09_1_28_41-HuntPro.png	deer1
2021-11-09_3_41_28-HuntPro.png	deer1
2021-11-09_4_30_25-HuntPro.png	deer1
2021-11-09_4_31_13-HuntPro.png	deer1
2021-11-09_4_49_12-HuntPro.png	deer1
2021-11-09_4_49_58-HuntPro.png	deer1
2021-11-09_4_51_12-HuntPro.png	deer1
2021-11-09_5_27_51-HuntPro.png	deer1
2021-11-09_6_00_18-HuntPro.png	deer1
2021-11-09_6_22_01-HuntPro.png	deer1
2021-11-15_5_49_46-HuntPro.png	deer1
2021-10-21_5_23_22-HuntPro.png	deer2
2021-10-21_5_34_03-HuntPro.png	deer2
2021-10-25_8_56_19-HuntPro.png	deer2
2021-10-25_8_57_33-HuntPro.png	deer2
2021-10-25_8_59_42-HuntPro.png	deer2
2021-10-25_9_06_46-HuntPro.png	deer2
2021-10-25_9_13_20-HuntPro.png	deer2
2021-10-25_9_13_43-HuntPro.png	deer2
2021-10-25_0_06_26-HuntPro.png	deer2
2021-10-25_4_29_42-HuntPro.png	deer2
2021-10-25_4_33_10-HuntPro.png	deer2
2021-10-25_6_01_30-HuntPro.png	deer2
2021-10-25_6_40_03-HuntPro.png	deer2
2021-10-25_6_40_24-HuntPro.png	deer2
2021-10-26_8_48_26-HuntPro.png	deer2
2021-10-26_8_56_19-HuntPro.png	deer2
2021-10-26_8_57_33-HuntPro.png	deer2
2021-10-26_8_58_55-HuntPro.png	deer2
2021-10-26_9_51_48-HuntPro.png	deer2
2021-10-26_9_52_12-HuntPro.png	deer2
2021-10-26_9_52_52-HuntPro.png	deer2
2021-10-26_0_03_52-HuntPro.png	deer2
2021-10-26_0_14_19-HuntPro.png	deer2
2021-10-26_0_14_37-HuntPro.png	deer2
2021-10-26_4_04_41-HuntPro.png	deer2
2021-10-26_4_04_57-HuntPro.png	deer2
2021-10-26_4_05_23-HuntPro.png	deer2
2021-10-26_4_09_23-HuntPro.png	deer2
2021-10-26_4_09_45-HuntPro.png	deer2
2021-10-26_4_11_35-HuntPro.png	deer2
2021-10-26_4_13_42-HuntPro.png	deer2
2021-10-27_9_36_16-HuntPro.png	deer2
2021-10-27_9_36_59-HuntPro.png	deer2
2021-10-27_9_40_20-HuntPro.png	deer2
2021-10-27_9_43_10-HuntPro.png	deer2
2021-10-27_9_50_37-HuntPro.png	deer2
2021-10-27_9_51_03-HuntPro.png	deer2
2021-10-27_9_53_34-HuntPro.png	deer2
2021-10-27_3_43_34-HuntPro.png	deer2
2021-10-27_3_44_16-HuntPro.png	deer2
2021-10-27_3_45_40-HuntPro.png	deer2
2021-10-27_3_45_59-HuntPro.png	deer2
2021-10-27_3_47_09-HuntPro.png	deer2
2021-10-27_3_48_16-HuntPro.png	deer2
2021-10-27_4_15_15-HuntPro.png	deer2
2021-10-27_4_29_19-HuntPro.png	deer2
2021-10-27_4_30_53-HuntPro.png	deer2
2021-10-27_4_32_53-HuntPro.png	deer2
2021-10-27_4_34_01-HuntPro.png	deer2
2021-10-27_4_36_38-HuntPro.png	deer2
2021-10-27_4_37_44-HuntPro.png	deer2
2021-10-27_4_38_39-HuntPro.png	deer2
2021-10-27_4_43_12-HuntPro.png	deer2
2021-10-27_4_55_56-HuntPro.png	deer2
2021-10-27_4_59_34-HuntPro.png	deer2
2021-10-27_5_01_35-HuntPro.png	deer2
2021-10-27_5_04_36-HuntPro.png	deer2
2021-10-27_5_05_10-HuntPro.png	deer2
2021-10-27_5_08_35-HuntPro.png	deer2
2021-10-27_5_08_56-HuntPro.png	deer2
2021-10-27_5_09_25-HuntPro.png	deer2
2021-10-27_5_11_12-HuntPro.png	deer2
2021-10-27_5_12_33-HuntPro.png	deer2
2021-10-27_5_13_01-HuntPro.png	deer2
2021-10-27_6_34_00-HuntPro.png	deer2
2021-10-27_6_35_01-HuntPro.png	deer2
2021-10-27_6_36_25-HuntPro.png	deer2
2021-10-27_6_37_08-HuntPro.png	deer2
2021-10-28_8_45_32-HuntPro.png	deer2
2021-10-28_8_47_26-HuntPro.png	deer2
2021-10-28_8_48_12-HuntPro.png	deer2
2021-10-28_8_48_43-HuntPro.png	deer2
2021-10-28_9_04_30-HuntPro.png	deer2
2021-10-28_9_04_52-HuntPro.png	deer2
2021-10-28_9_13_54-HuntPro.png	deer2
2021-10-28_9_30_50-HuntPro.png	deer2
2021-10-28_9_31_41-HuntPro.png	deer2
2021-10-28_0_15_01-HuntPro.png	deer2
2021-10-28_0_26_42-HuntPro.png	deer2
2021-10-28_0_32_17-HuntPro.png	deer2
2021-10-28_0_47_37-HuntPro.png	deer2
2021-10-28_0_48_37-HuntPro.png	deer2
2021-10-28_0_48_54-HuntPro.png	deer2
2021-10-28_1_19_44-HuntPro.png	deer2
2021-10-28_1_20_10-HuntPro.png	deer2
2021-10-28_1_20_38-HuntPro.png	deer2
2021-10-28_1_34_58-HuntPro.png	deer2
2021-10-28_3_27_19-HuntPro.png	deer2
2021-10-28_4_46_47-HuntPro.png	deer2
2021-11-01_5_36_45-HuntPro.png	deer2
2021-11-02_1_32_35-HuntPro.png	deer2
2021-11-02_1_35_55-HuntPro.png	deer2
2021-11-09_8_39_47-HuntPro.png	deer2
2021-11-09_8_54_20-HuntPro.png	deer2
2021-11-09_9_11_22-HuntPro.png	deer2
2021-11-09_9_15_23-HuntPro.png	deer2
2021-10-21_5_18_11-HuntPro.png	deer3
2021-10-21_5_27_13-HuntPro.png	deer3
2021-10-21_5_33_30-HuntPro.png	deer3
2021-10-21_5_35_01-HuntPro.png	deer3
2021-10-25_8_58_46-HuntPro.png	deer3
2021-10-25_8_59_12-HuntPro.png	deer3
2021-10-25_9_02_05-HuntPro.png	deer3
2021-10-25_9_04_54-HuntPro.png	deer3
2021-10-25_9_05_26-HuntPro.png	deer3
2021-10-25_6_41_04-HuntPro.png	deer3
2021-10-25_6_41_26-HuntPro.png	deer3
2021-10-26_8_45_30-HuntPro.png	deer3
2021-10-27_9_30_34-HuntPro.png	deer3
2021-10-27_9_31_31-HuntPro.png	deer3
2021-10-27_9_33_22-HuntPro.png	deer3
2021-10-27_9_33_42-HuntPro.png	deer3
2021-10-27_9_51_46-HuntPro.png	deer3
2021-10-27_3_45_21-HuntPro.png	deer3
2021-10-27_3_46_23-HuntPro.png	deer3
2021-10-27_4_15_47-HuntPro.png	deer3
2021-10-27_4_16_19-HuntPro.png	deer3
2021-10-27_4_32_07-HuntPro.png	deer3
2021-10-27_5_00_36-HuntPro.png	deer3
2021-10-27_6_33_32-HuntPro.png	deer3
2021-10-27_6_37_27-HuntPro.png	deer3
2021-10-27_6_38_06-HuntPro.png	deer3
2021-10-27_6_38_29-HuntPro.png	deer3
2021-10-27_6_42_37-HuntPro.png	deer3
2021-10-27_6_46_20-HuntPro.png	deer3
2021-10-28_8_44_08-HuntPro.png	deer3
2021-10-28_8_47_43-HuntPro.png	deer3
2021-10-28_9_05_08-HuntPro.png	deer3
2021-10-28_0_18_56-HuntPro.png	deer3
2021-10-28_0_25_13-HuntPro.png	deer3
2021-10-28_0_27_09-HuntPro.png	deer3
2021-10-28_0_29_06-HuntPro.png	deer3
2021-10-28_0_48_11-HuntPro.png	deer3
2021-10-28_1_19_32-HuntPro.png	deer3
2021-10-28_1_20_21-HuntPro.png	deer3
2021-10-28_1_36_03-HuntPro.png	deer3
2021-10-28_3_26_04-HuntPro.png	deer3
2021-10-28_3_57_31-HuntPro.png	deer3
2021-10-28_4_40_16-HuntPro.png	deer3
2021-10-28_4_43_25-HuntPro.png	deer3
2021-10-28_4_43_37-HuntPro.png	deer3
2021-10-28_4_49_45-HuntPro.png	deer3
2021-10-28_4_53_22-HuntPro.png	deer3
2021-11-01_4_05_50-HuntPro.png	deer3
2021-11-01_5_33_16-HuntPro.png	deer3
2021-11-01_5_36_05-HuntPro.png	deer3
2021-11-02_1_05_22-HuntPro.png	deer3
2021-11-02_1_10_54-HuntPro.png	deer3
2021-11-02_1_22_44-HuntPro.png	deer3
2021-11-02_1_34_58-HuntPro.png	deer3
2021-11-09_9_08_59-HuntPro.png	deer3
2021-11-09_9_41_39-HuntPro.png	deer3
2021-11-09_3_42_35-HuntPro.png	deer3
2021-11-15_5_58_22-HuntPro.png	deer3
2021-11-15_6_26_02-HuntPro.png	deer3
2021-11-16_9_13_06-HuntPro.png	deer3
2021-10-21_5_22_36-HuntPro.png	deer4
2021-10-21_5_22_51-HuntPro.png	deer4
2021-10-21_5_23_03-HuntPro.png	deer4
2021-10-21_5_24_26-HuntPro.png	deer4
2021-10-21_5_24_45-HuntPro.png	deer4
2021-10-21_5_25_12-HuntPro.png	deer4
2021-10-21_5_25_26-HuntPro.png	deer4
2021-10-21_5_25_45-HuntPro.png	deer4
2021-10-21_5_26_00-HuntPro.png	deer4
2021-10-21_5_26_27-HuntPro.png	deer4
2021-10-21_5_26_42-HuntPro.png	deer4
2021-10-21_5_26_55-HuntPro.png	deer4
2021-10-25_6_41_49-HuntPro.png	deer4
2021-10-26_8_45_59-HuntPro.png	deer4
2021-10-26_8_58_38-HuntPro.png	deer4
2021-10-26_8_59_12-HuntPro.png	deer4
2021-10-26_9_38_06-HuntPro.png	deer4
2021-10-26_9_47_23-HuntPro.png	deer4
2021-10-26_0_00_37-HuntPro.png	deer4
2021-10-27_9_47_47-HuntPro.png	deer4
2021-10-27_9_49_14-HuntPro.png	deer4
2021-10-28_0_19_30-HuntPro.png	deer4
2021-10-28_0_27_30-HuntPro.png	deer4
2021-10-28_0_28_52-HuntPro.png	deer4
2021-10-28_1_13_36-HuntPro.png	deer4
2021-10-28_1_34_42-HuntPro.png	deer4
2021-10-28_3_25_47-HuntPro.png	deer4
2021-10-28_3_26_23-HuntPro.png	deer4
2021-10-28_3_26_48-HuntPro.png	deer4